Hash,Shader Type,Function,Call Location,"Live""""Registers",###ERROR###,Total Samples,"Execution""""Region",Avg. Warp Latency,Top Stall #1 (Type),Top Stall #1 (% Samples),Top Stall #2 (Type),Top Stall #2 (% Samples),Top Stall #3 (Type),Top Stall #3 (% Samples),Total Instruction Mix,Total SB Producer Samples,"Instructions""""Executed","Thread Instructions""""Executed","Thread Instructions""""Executed Pred On","Active Threads""""Per Warp"
0xec2a835a281706c7,Ray Generation,Miss(struct RayPayload),miss.hlsl:8,76,0.5614497097606869,0.5614497097606869,--,1278095.9791884,LGSB,0.7590759057546709,WAIT,SELECT,536,4055676,0,0,0,0
,,"RaymarchClouds(class vector<float,3>,class vector<float,3>,float,float,class vector<float,3>,class vector<float,3>)",miss.hlsl:39,76,0.5541927898707354,0.5541927898707354,,1261567.8930365515,LGSB,0.7604396459115591,WAIT,SELECT,475,4025386,0,0,0,0
,,"SampleDensity(class vector<float,3>,float)","clouds.hlsl:338""""clouds.hlsl:363",72,0.5204571550300234,0.5204571550300234,,1184804.8108626364,LGSB,0.8074543816127494,WAIT,SELECT,349,4016272,0,0,0,0
,,[Self: SampleDensity],--,72,0,0.28916247279396884,,658257.7049810304,LGSB,0.7300001890354063,WAIT,SELECT,239,3137295,0,0,0,0
,,HeightGradient(float),clouds.hlsl:152,72,0.2134942539362848,0.2134942539362848,,486047.12217047607,LGSB,0.9796086618746718,SELECT,WAIT,30,,0,0,0,0
,,"Remap(float,float,float,float,float)","clouds.hlsl:169""""clouds.hlsl:204",71,0.00903655665976156,0.00903655665976156,,20555.421865280707,SHRTSB,0.449940374345414,SELECT,WAIT,30,26034,0,0,0,0
,,"RotateDomain(class vector<float,3>)","clouds.hlsl:141""""clouds.hlsl:147""""clouds.hlsl:194",69,0.005399350803499364,0.005399350803499364,,12288.710501560496,SELECT,0.5482760615527016,WAIT,NOTSEL,50,,0,0,0,0
,,"SampleWarp(class vector<float,3>,float)",clouds.hlsl:142,68,0.003364520836508932,0.003364520836508932,,7655.851344288824,WAIT,0.5336768323817481,SELECT,NOTSEL,5,878977,0,0,0,0
,,[Self: RaymarchClouds],--,76,0,0.0334185955565773,,76041.93292558227,WAIT,0.48502890470560195,BRANCH,SELECT,91,9114,0,0,0,0
,,"RaySphereIntersect(class vector<float,3>,class vector<float,3>,class vector<float,3>,float)","clouds.hlsl:217""""clouds.hlsl:218",49,0.0002097456938881073,0.0002097456938881073,,477.0898579251505,WAIT,0.45793000744601636,SELECT,SHRTSB,18,152,0,0,0,0
,,"PhaseHG(float,float)",clouds.hlsl:295,52,8.417939613230814e-05,8.417939613230814e-05,,191.405177899874,WAIT,0.36363636363636365,SELECT,NOINST,11,71,0,0,0,0
,,"InterleavedGradientNoise(class vector<unsigned int,2>,float)",clouds.hlsl:285,52,2.311419411425159e-05,2.311419411425159e-05,,52.65421250777202,SELECT,0.7297297297297297,WAIT,NOTSEL,6,2,0,0,0,0
,,[Self: Miss],--,49,0,0.006135412944448471,,13973.645301809202,LGSB,0.7746468117602138,NOINST,SELECT,26,30290,0,0,0,0
,,"DirectionToUV(class vector<float,3>)",miss.hlsl:11,43,0.0011215069455029773,0.0011215069455029773,,2554.44085003921,NOINST,0.38476535301490045,SELECT,WAIT,35,402,0,0,0,0
0xec2a835a281706c7,Ray Generation,RayGen(void),path_tracer_core.hlsl:118,126,0.3077355086497063,0.3077355086497063,--,1278095.9791883957,LGSB,0.6589284155523571,NOINST,WAIT,6027,11643999,0,0,0,0
,,[Self: RayGen],--,126,0,0.2744128057633057,,1139694.454314376,LGSB,0.6730418886516875,NOINST,WAIT,3533,11303715,0,0,0,0
,,next_float(struct RNG),"path_tracer_core.hlsl:217""""path_tracer_core.hlsl:483""""path_tracer_core.hlsl:484""""path_tracer_core.hlsl:619""""path_tracer_core.hlsl:667""""path_tracer_core.hlsl:745""""path_tracer_core.hlsl:790""""path_tracer_core.hlsl:817""""path_tracer_core.hlsl:853""""path_tracer_core.hlsl:905",126,0.008817908877599721,0.008817908877599721,,36619.89910981854,LGSB,0.752997644391704,WAIT,SELECT,124,1710,0,0,0,0
,,pcg_hash(unsigned int),random_lib.hlsl:36,126,0.008330949031327854,0.008330949031327854,,34597.13753413094,LGSB,0.7926813265095701,WAIT,SELECT,124,1349,0,0,0,0
,,[Self: next_float],--,126,0,0.00048695984627186793,,2022.76157568761,WAIT,0.41853752405388067,SELECT,NOINST,57,1340,0,0,0,0
,,"IsSpatiallyCompatible(class vector<unsigned int,2>,class vector<unsigned int,2>,float,float)","path_tracer_core.hlsl:489""""path_tracer_core.hlsl:671",126,0.004272377663442341,0.004272377663442341,,17746.845947565827,LGSB,0.9128527562509139,WAIT,SELECT,90,49402,0,0,0,0
,,"SampleGGX(class vector<float,2>,class vector<float,3>,float)","path_tracer_core.hlsl:620""""path_tracer_core.hlsl:861",126,0.003918012079352903,0.003918012079352903,,16272.915767975628,LGSB,0.3775660700761351,NOINST,WAIT,391,2971,0,0,0,0
,,"F_Schlick(float,class vector<float,3>)","path_tracer_core.hlsl:414""""path_tracer_core.hlsl:435""""path_tracer_core.hlsl:471""""path_tracer_core.hlsl:523""""path_tracer_core.hlsl:565""""path_tracer_core.hlsl:615""""path_tracer_core.hlsl:624""""path_tracer_core.hlsl:658""""path_tracer_core.hlsl:683""""path_tracer_core.hlsl:705""""path_tracer_core.hlsl:777""""path_tracer_core.hlsl:845""""path_tracer_core.hlsl:868",126,0.0034358937196860466,0.0034358937196860466,,14270.91377228225,LGSB,0.4990909090909091,NOINST,SHRTSB,198,174751,0,0,0,0
,,"combine_gi_reservoirs(struct GI_Reservoir,struct GI_Reservoir,float,struct RNG)","path_tracer_core.hlsl:661""""path_tracer_core.hlsl:698",124,0.0021380629555682717,0.0021380629555682717,,8881.207816280752,LGSB,0.6886778670562455,NOINST,WAIT,72,80382,0,0,0,0
,,[Self: combine_gi_reservoirs],--,124,0,0.001083087406637397,,4498.990226874143,LGSB,0.695746214852199,NOINST,WAIT,28,75779,0,0,0,0
,,"update_gi_reservoir(struct GI_Reservoir,class vector<float,3>,class vector<float,3>,float,struct RNG)",restir_lib.hlsl:121,124,0.0010549755489308748,0.0010549755489308748,,4382.217589406609,LGSB,0.6814211695040711,WAIT,NOINST,54,4603,0,0,0,0
,,[Self: update_gi_reservoir],--,124,0,0.000966110843180813,,4013.0863076342384,LGSB,0.744099579696088,NOINST,WAIT,54,4603,0,0,0,0
,,next_float(struct RNG),restir_lib.hlsl:104,123,8.886470575006185e-05,8.886470575006185e-05,,369.1312817723702,WAIT,0.6344463971880492,SELECT,NOINST,19,,0,0,0,0
,,pcg_hash(unsigned int),random_lib.hlsl:36,123,7.621436978212686e-05,7.621436978212686e-05,,316.5835949119801,WAIT,0.6475409836065574,SELECT,NOINST,19,,0,0,0,0
,,[Self: next_float],--,123,0,1.265033596793499e-05,,52.54768686039012,WAIT,0.5555555555555556,SELECT,NOTSEL,9,,0,0,0,0
,,"unpack_reservoir(class vector<float,4>)","path_tracer_core.hlsl:450""""path_tracer_core.hlsl:497",123,0.0018155574768795588,0.0018155574768795588,,7541.5661697782125,LGSB,0.9862365591397849,WAIT,SELECT,2,0,0,0,0,0
,,"SampleLambert(class vector<float,2>,class vector<float,3>)","path_tracer_core.hlsl:626""""path_tracer_core.hlsl:877""""path_tracer_core.hlsl:889",126,0.0016390774812775027,0.0016390774812775027,,6805.249816857931,NOINST,0.2766079085278704,WAIT,SHRTSB,545,3365,0,0,0,0
,,"V_SmithCorrelated(float,float,float)","path_tracer_core.hlsl:414""""path_tracer_core.hlsl:435""""path_tracer_core.hlsl:471""""path_tracer_core.hlsl:523""""path_tracer_core.hlsl:565""""path_tracer_core.hlsl:777""""path_tracer_core.hlsl:868",126,0.0012072481115078702,0.0012072481115078702,,5014.087305480931,NOINST,0.39909443725743854,LGSB,WAIT,80,39502,0,0,0,0
,,"combine_reservoirs(struct Reservoir,struct Reservoir,float,struct RNG)","path_tracer_core.hlsl:475""""path_tracer_core.hlsl:539",120,0.0007266915217135989,0.0007266915217135989,,3018.5726785357447,NOINST,0.48850204169353106,LGSB,WAIT,15,17637,0,0,0,0
,,[Self: combine_reservoirs],--,120,0,0.00041355666226039326,,1717.8552445223838,NOINST,0.45959214501510576,LGSB,WAIT,6,3399,0,0,0,0
,,"update_reservoir(struct Reservoir,unsigned int,float,struct RNG)",restir_lib.hlsl:56,119,0.0003131348594532056,0.0003131348594532056,,1300.7174340133608,NOINST,0.5266832917705736,WAIT,SELECT,12,14238,0,0,0,0
,,[Self: update_reservoir],--,119,0,0.00021927249011087317,,910.8265722467625,NOINST,0.6752136752136753,WAIT,SELECT,12,14238,0,0,0,0
,,next_float(struct RNG),restir_lib.hlsl:37,119,9.386236934233246e-05,9.386236934233246e-05,,389.8908617665984,WAIT,0.6006655574043261,NOINST,SELECT,7,,0,0,0,0
,,pcg_hash(unsigned int),random_lib.hlsl:36,119,7.918173254003753e-05,7.918173254003753e-05,,328.90959553355304,WAIT,0.5759368836291914,NOINST,SELECT,7,,0,0,0,0
,,[Self: next_float],--,119,0,1.4680636802294927e-05,,60.98126623304534,WAIT,0.7340425531914894,SELECT,NOTSEL,3,,0,0,0,0
,,"D_GGX(float,float)","path_tracer_core.hlsl:414""""path_tracer_core.hlsl:435""""path_tracer_core.hlsl:471""""path_tracer_core.hlsl:523""""path_tracer_core.hlsl:565""""path_tracer_core.hlsl:658""""path_tracer_core.hlsl:683""""path_tracer_core.hlsl:705""""path_tracer_core.hlsl:777",126,0.0006567242314218103,0.0006567242314218103,,2727.93855861655,NOINST,0.7058263971462545,WAIT,SELECT,104,289,0,0,0,0
,,"PDF_GGX(float,float,float)","path_tracer_core.hlsl:623""""path_tracer_core.hlsl:867",126,0.0006311112055114234,0.0006311112055114234,,2621.54571114613,NOINST,0.625587725810443,WAIT,SELECT,80,423,0,0,0,0
,,"D_GGX(float,float)",brdf_lib.hlsl:63,126,0.0004124634233495841,0.0004124634233495841,,1713.3140863986466,NOINST,0.6221128360469519,SELECT,WAIT,50,255,0,0,0,0
,,[Self: PDF_GGX],--,126,0,0.00021864778216183935,,908.2316247474838,NOINST,0.6321428571428571,WAIT,SELECT,30,168,0,0,0,0
,,"calculate_p_target(class vector<float,3>,class vector<float,3>,class vector<float,3>,float)","path_tracer_core.hlsl:417""""path_tracer_core.hlsl:438""""path_tracer_core.hlsl:474""""path_tracer_core.hlsl:526""""path_tracer_core.hlsl:568",125,0.0006158058607600947,0.0006158058607600947,,2557.9694974138065,NOINST,0.7433426325133148,WAIT,SELECT,54,22468,0,0,0,0
,,"finalize_gi_reservoir(struct GI_Reservoir,float)",path_tracer_core.hlsl:708,126,0.0005189761286598515,0.0005189761286598515,,2155.7526350256344,LGSB,0.6054769786337647,NOINST,WAIT,21,2495,0,0,0,0
,,"FresnelDielectric(float,float)",path_tracer_core.hlsl:801,125,0.000488365439157194,0.000488365439157194,,2027.9514706861676,WAIT,0.3006076111288775,SHRTSB,LGSB,56,1439,0,0,0,0
,,"init_rng(class vector<unsigned int,2>,unsigned int)","path_tracer_core.hlsl:201""""path_tracer_core.hlsl:247",42,0.00045244473208774896,0.00045244473208774896,,1879.3907263524718,NOINST,0.9420089748015188,SELECT,WAIT,17,,0,0,0,0
,,[Self: init_rng],--,42,0,0.00044213705092869084,,1836.5740926143762,NOINST,0.9639703285058283,SELECT,BRANCH,12,,0,0,0,0
,,pcg_hash(unsigned int),random_lib.hlsl:31,42,1.030768115905814e-05,1.030768115905814e-05,,42.81663373809566,SELECT,0.803030303030303,DISPCH,WAIT,5,,0,0,0,0
,,next_float2(struct RNG),"path_tracer_core.hlsl:586""""path_tracer_core.hlsl:613",123,0.0003824774417959604,0.0003824774417959604,,1588.7566064332768,NOINST,0.7697019191506738,WAIT,SELECT,23,5,0,0,0,0
,,next_float(struct RNG),random_lib.hlsl:46,123,0.0003824774417959604,0.0003824774417959604,,1588.7566064332768,NOINST,0.7697019191506738,WAIT,SELECT,23,5,0,0,0,0
,,pcg_hash(unsigned int),random_lib.hlsl:36,123,0.00032890873516630976,0.00032890873516630976,,1366.2398583701433,NOINST,0.7521367521367521,WAIT,SELECT,23,5,0,0,0,0
,,[Self: next_float],--,122,0,5.356870662965064e-05,,222.51674806313352,NOINST,0.8775510204081632,SELECT,WAIT,10,2,0,0,0,0
,,"update_gi_reservoir(struct GI_Reservoir,class vector<float,3>,class vector<float,3>,float,struct RNG)",path_tracer_core.hlsl:645,91,0.00036420473428672097,0.00036420473428672097,,1512.8543920793802,NOINST,0.7577186963979416,WAIT,SELECT,6,,0,0,0,0
,,[Self: update_gi_reservoir],--,91,0,0.00019006739349354177,,789.5127766554914,NOINST,0.7222678718159409,WAIT,SELECT,6,,0,0,0,0
,,next_float(struct RNG),restir_lib.hlsl:104,89,0.0001741373407931792,0.0001741373407931792,,723.3416154238888,NOINST,0.7964125560538117,WAIT,SELECT,2,,0,0,0,0
,,pcg_hash(unsigned int),random_lib.hlsl:36,88,0.00016585996046848098,0.00016585996046848098,,688.9585610584484,NOINST,0.8361581920903954,WAIT,SELECT,2,,0,0,0,0
,,[Self: next_float],--,89,0,8.277380324698203e-06,,34.38305436544046,WAIT,0.7735849056603774,SELECT,MATHTH,1,,0,0,0,0
,,"SampleCone(class vector<float,3>,float,class vector<float,2>)","path_tracer_core.hlsl:587""""path_tracer_core.hlsl:818",125,0.00033499963766938956,0.00033499963766938956,,1391.5405964881095,NOINST,0.8121212121212121,SELECT,WAIT,342,107,0,0,0,0
,,"EnvBRDFApprox2(class vector<float,3>,float,float)",path_tracer_core.hlsl:336,90,0.00021724218927651322,0.00021724218927651322,,902.3929928741073,NOINST,0.7958303378864127,SELECT,DISPCH,33,0,0,0,0,0
,,"evaluate_directional_light(class vector<float,3>,class vector<float,3>,float)",path_tracer_core.hlsl:408,119,0.00018038442028351745,0.00018038442028351745,,749.2910904166741,LGSB,0.8251082251082251,WAIT,SHRTSB,7,63,0,0,0,0
,,"update_reservoir(struct Reservoir,unsigned int,float,struct RNG)","path_tracer_core.hlsl:418""""path_tracer_core.hlsl:439",120,0.00014258958936697093,0.00014258958936697093,,592.2967667103233,NOINST,0.49835706462212487,WAIT,SELECT,8,,0,0,0,0
,,next_float(struct RNG),restir_lib.hlsl:37,120,0.00010666888229752591,0.00010666888229752591,,443.08728550180814,NOINST,0.6661786237188873,WAIT,SELECT,5,,0,0,0,0
,,pcg_hash(unsigned int),random_lib.hlsl:36,120,9.964091787089535e-05,9.964091787089535e-05,,413.8941261349247,NOINST,0.713166144200627,WAIT,SELECT,5,,0,0,0,0
,,[Self: next_float],--,120,0,7.027964426630551e-06,,29.193159366883407,WAIT,0.6444444444444445,SELECT,NOTSEL,2,,0,0,0,0
,,[Self: update_reservoir],--,120,0,3.5920707069445035e-05,,149.2094812085152,WAIT,0.7086956521739131,SELECT,NOTSEL,8,,0,0,0,0
,,"finalize_reservoir(struct Reservoir,float)",path_tracer_core.hlsl:571,124,0.00014134017346890328,0.00014134017346890328,,587.1068717117663,NOINST,0.507182320441989,WAIT,LGSB,9,71,0,0,0,0
,,"G_Smith(float,float,float)","path_tracer_core.hlsl:624""""path_tracer_core.hlsl:658""""path_tracer_core.hlsl:683""""path_tracer_core.hlsl:705",126,0.00013025160737355286,0.00013025160737355286,,541.0465535995726,NOINST,0.605515587529976,WAIT,SELECT,79,90,0,0,0,0
,,PDF_Lambert(float),"path_tracer_core.hlsl:628""""path_tracer_core.hlsl:879""""path_tracer_core.hlsl:891",124,4.919575098641385e-05,4.919575098641385e-05,,204.35211556818385,NOINST,0.7841269841269841,SELECT,SHRTSB,17,,0,0,0,0
,,next_uint(struct RNG),"path_tracer_core.hlsl:424""""path_tracer_core.hlsl:752",120,3.123539745169133e-05,3.123539745169133e-05,,129.74737496392626,WAIT,0.82,SELECT,NOTSEL,5,0,0,0,0,0
,,pcg_hash(unsigned int),random_lib.hlsl:41,120,3.123539745169133e-05,3.123539745169133e-05,,129.74737496392626,WAIT,0.82,SELECT,NOTSEL,5,0,0,0,0,0
,,"SampleGlass(class vector<float,3>,class vector<float,3>,float,class vector<float,2>,class vector<float,3> &)",path_tracer_core.hlsl:810,125,1.452445981503647e-05,1.452445981503647e-05,,60.332529358225706,WAIT,0.8279569892473119,SELECT,NOTSEL,259,0,0,0,0,0
,,"FresnelDielectric(float,float)",brdf_lib.hlsl:130,125,1.452445981503647e-05,1.452445981503647e-05,,60.332529358225706,WAIT,0.8279569892473119,SELECT,NOTSEL,42,0,0,0,0,0
,,"DirectionToUV(class vector<float,3>)",path_tracer_core.hlsl:365,65,0,0,,0,SELECT,0,NOTSEL,THDBAR,35,0,0,0,0,0
,,pack_reservoir(struct Reservoir),path_tracer_core.hlsl:574,0,0,0,,0,SELECT,0,NOTSEL,THDBAR,,,0,0,0,0
,,"unpack_gi_reservoir(class vector<float,4>,class vector<float,4>,class vector<float,4>)","path_tracer_core.hlsl:653""""path_tracer_core.hlsl:678",0,0,0,,0,SELECT,0,NOTSEL,THDBAR,,,0,0,0,0
,,"pack_gi_reservoir(struct GI_Reservoir,class vector<float,4> &,class vector<float,4> &,class vector<float,4> &)",path_tracer_core.hlsl:709,0,0,0,,0,SELECT,0,NOTSEL,THDBAR,,,0,0,0,0
--,Ray Tracing Shader,[Ray Tracing Traversal],<No File Name>:0,0,0.06661245242848968,0.06661245242848968,--,1278095.9791884003,LGSB,0.8600437495164343,WAIT,MIOT,,,0,0,0,0
0xec2a835a281706c7,Ray Generation,"ClosestHit(struct RayPayload,struct BuiltInTriangleIntersectionAttributes)",hit.hlsl:128,84,0.035852926256974865,0.035852926256974865,--,1279745.0880043043,LGSB,0.6668714008171942,NOINST,WAIT,450,616884,0,0,0,0
,,[Self: ClosestHit],--,84,0,0.027608655453575454,,985786.1877141971,LGSB,0.6344567762956929,NOINST,WAIT,227,616884,0,0,0,0
,,"sRGBToLinear(class vector<float,3>)","hit.hlsl:218""""hit.hlsl:267",58,0.006882407474505668,0.006882407474505668,,245404.85512044647,LGSB,0.9288599437233367,WAIT,NOINST,12,704,0,0,0,0
,,"GetNormalFromMap(class vector<float,2>,class vector<float,3>,class vector<float,4>,int)",hit.hlsl:251,62,0.0010148380632054514,0.0010148380632054514,,36177.41463541923,NOINST,0.6080332409972299,SHRTSB,BRANCH,37,680,0,0,0,0
,,"DistributionGGX(class vector<float,3>,class vector<float,3>,float)","hit.hlsl:309""""hit.hlsl:323",52,0.00021833542818732243,0.00021833542818732243,,7786.916960787694,NOINST,0.9256080114449213,SELECT,WAIT,18,0,0,0,0,0
,,"SampleTriPlanarNormalLevel0(int,class vector<float,3>,class vector<float,3>,float,float,float)",hit.hlsl:250,67,4.32610254705925e-05,4.32610254705925e-05,,1542.901286221882,WAIT,0.6823104693140795,SELECT,NOTSEL,74,0,0,0,0,0
,,[Self: SampleTriPlanarNormalLevel0],--,67,0,4.32610254705925e-05,,1542.901286221882,WAIT,0.6823104693140795,SELECT,NOTSEL,54,0,0,0,0,0
,,"TriPlanarWeights(class vector<float,3>,float)",hit.hlsl:78,66,0,0,,0,SELECT,0,NOTSEL,THDBAR,8,0,0,0,0,0
,,"TriPlanarUV_X(class vector<float,3>,float)",hit.hlsl:80,50,0,0,,0,SELECT,0,NOTSEL,THDBAR,2,,0,0,0,0
,,"TriPlanarUV_Y(class vector<float,3>,float)",hit.hlsl:81,49,0,0,,0,SELECT,0,NOTSEL,THDBAR,1,,0,0,0,0
,,"UnpackNormal(class vector<float,4>)","hit.hlsl:80""""hit.hlsl:81""""hit.hlsl:82",64,0,0,,0,SELECT,0,NOTSEL,THDBAR,9,,0,0,0,0
,,"GeometrySmith(class vector<float,3>,class vector<float,3>,class vector<float,3>,float)","hit.hlsl:310""""hit.hlsl:324",53,3.982513175090645e-05,3.982513175090645e-05,,1420.3603898432489,SELECT,0.42745098039215684,WAIT,NOINST,22,3,0,0,0,0
,,"GeometrySchlickGGX(float,float)","hit.hlsl:36""""hit.hlsl:37",53,2.0927716292633193e-05,2.0927716292633193e-05,,746.385459760766,SELECT,0.41044776119402987,WAIT,NOINST,14,3,0,0,0,0
,,[Self: GeometrySmith],--,52,0,1.889741545827326e-05,,673.9749300824827,SELECT,0.4462809917355372,WAIT,NOINST,8,,0,0,0,0
,,"SampleTriPlanarLevel0(int,class vector<float,3>,class vector<float,3>,float,float)","hit.hlsl:216""""hit.hlsl:228""""hit.hlsl:265",65,2.5925379884903807e-05,2.5925379884903807e-05,,924.6267635842325,WAIT,0.8132530120481928,SELECT,NOTSEL,57,53,0,0,0,0
,,"TriPlanarUV_X(class vector<float,3>,float)",hit.hlsl:63,55,2.5925379884903807e-05,2.5925379884903807e-05,,924.6267635842325,WAIT,0.8132530120481928,SELECT,NOTSEL,6,,0,0,0,0
,,"TriPlanarWeights(class vector<float,3>,float)",hit.hlsl:62,65,0,0,,0,SELECT,0,NOTSEL,THDBAR,24,53,0,0,0,0
,,"TriPlanarUV_Y(class vector<float,3>,float)",hit.hlsl:64,54,0,0,,0,SELECT,0,NOTSEL,THDBAR,3,,0,0,0,0
,,"FresnelSchlick(float,class vector<float,3>)","hit.hlsl:311""""hit.hlsl:325",53,1.967830039456554e-05,1.967830039456554e-05,,701.8251338048995,SELECT,0.4523809523809524,WAIT,SHRTSB,9,8,0,0,0,0
--,Ray Tracing Shader,[Ray Tracing Scheduler],<No File Name>:0,0,0.02144919125308918,0.02144919125308918,--,1278025.6640041908,WAIT,0.328741289801149,LGSB,BRANCH,,,0,0,0,0
0xec2a835a281706c7,Ray Generation,"AnyHit(struct RayPayload,struct BuiltInTriangleIntersectionAttributes)",hit.hlsl:398,52,0.005441518590059148,0.005441518590059148,--,1276446.8703724958,LGSB,0.6356695941679582,WAIT,NOINST,12,23191,0,0,0,0
--,Unattributed,[Unattributed],<No File Name>:0,0,0.0006407941787214478,0.0006407941787214478,--,0,WAIT,0.24981720692176457,THDBAR,LGSB,,,0,0,0,0
--,Ray Tracing Shader,[Ray Tracing Internal Logic],<No File Name>:0,0,0.0005139784650675809,0.0005139784650675809,--,1278095.9791883999,NOINST,0.5268915223336372,BRANCH,WAIT,,,0,0,0,0
0x6bd81730b8e4aee6,Compute,CSMain,tonemap_cs.hlsl:27,0,0.0002909577272625048,0.0002909577272625048,--,71557.73333333334,LGSB,0.4524959742351047,WAIT,SHRTSB,105,,0,0,0,0
,,[Self: CSMain],--,0,0,0.0002753400285366591,,67716.73852209697,LGSB,0.47816222348269993,WAIT,SHRTSB,30,,0,0,0,0
,,"ToneMapFilmic(class vector<float,3>)",tonemap_cs.hlsl:35,0,1.5617698725845666e-05,1.5617698725845666e-05,,3840.9948112363572,SELECT,0.42,NOTSEL,WAIT,75,,0,0,0,0
0xcc2d54115d74803b,Pixel,[main - 0xcc2d54115d74803b],<No File Name>:0,8,1.2337981993418076e-05,1.2337981993418076e-05,--,294.8903051422363,LGSB,0.6835443037974683,WAIT,SHRTSB,22,54,0,0,0,0
0xecdeee394d565059,Vertex,[main - 0xecdeee394d565059],<No File Name>:0,10,6.247079490338266e-07,6.247079490338266e-07,--,0,WAIT,0.75,NOINST,SELECT,14,0,0,0,0,0
--,Ray Tracing Shader,[Ray Tracing Geometry Construction],<No File Name>:0,0,0,0,--,0,SELECT,0,NOTSEL,THDBAR,,,0,0,0,0
--,Ray Tracing Shader,[Ray Tracing Acceleration Structure Build],<No File Name>:0,0,0,0,--,0,SELECT,0,NOTSEL,THDBAR,,,0,0,0,0
